NF,CIF
76,100
76,100
60,92.85714286
72,92.85714286
64,85.71428571
68,92.85714286
84,100
80,92.85714286