NF,CIF
90.90909091,100
100,100
100,90
90.90909091,90
72.72727273,90