NF,CIF
75,78.57142857
90,92.857
55,100
75,85.71428571
90,85.71428571
75,92.85714286
75,85.71428571
70,71.42857143