NF,CIF
63.63636364,86.36363636
72.72727273,100
36.36363636,72.72727273
40.90909091,63.63636364
54.54545455,72.72727273